Country Name,region,Image URL,1995,1995.1,1996,1997,1998,1999,2000,2001,2002,2003,2004,2005,2006,2007,2008,2009,2010,2011,2012,2013,2014,2015,2016,2017
Aruba,1,,619,619,641,650,647,683,721,691,643,642,728,733,694,772,827,813,824,869,904,979,"1,072,000","1,225,000","1,102,000","1,070,500"
Afghanistan,2,,,,,,,,,,,,,,,,,,,,,,,,,
Angola,3,,9,9,21,45,52,45,51,67,91,107,194,210,121,195,294,366,425,481,528,650,595,592,397,261
Albania,4,https://www.countryflags.io/al/flat/64.png,304,304,287,119,184,371,317,354,470,557,645,748,937,"1,062,000","1,247,000","1,711,000","2,191,000","2,469,000","3,156,000","2,857,000","3,341,000","3,784,000","4,070,000","4,643,000"
Andorra,5,,,,,,,"2,347,000","2,949,000","3,516,000","3,387,000","3,138,000","2,791,000","2,418,000","2,227,000","2,189,000","2,059,000","1,830,000","1,808,000","2,242,000","2,238,000","2,328,000","2,363,000","2,663,000","2,831,000",
United Arab Emirates,6,,"2,315,000","2,315,000","2,572,000","2,476,000","2,991,000","3,393,000","3,907,000","4,134,000","5,445,000","5,871,000","6,195,000","7,126,000",,,,,,,,,,,,
Argentina,7,,"2,289,000","2,289,000","2,614,000","2,764,000","3,012,000","2,898,000","2,909,000","2,620,000","2,820,000","2,995,000","3,457,000","3,823,000","4,173,000","4,562,000","4,700,000","4,308,000","5,325,000","5,705,000","5,587,000","5,246,000","5,931,000","5,736,000","6,655,000","6,720,000"
Armenia,8,,12,12,13,23,32,41,45,123,162,206,263,319,382,511,558,575,684,758,963,"1,084,000","1,204,000","1,192,000","1,260,000","1,495,000"
American Samoa,9,,34,34,35,26,36,41,44,36,,,,"24,5","25,3","24,1","24,3","23,5","23,1","22,6","22,6","20,8","21,6","20,3","20,1",20
Antigua and Barbuda,10,,220,220,228,240,234,232,207,215,218,239,246,245,254,262,266,234,230,241,247,243,249,250,265,247
Australia,11,https://www.countryflags.io/au/flat/64.png,"3,726,000","3,726,000","4,165,000","4,318,000","4,167,000","4,459,000","4,931,000","4,856,000","4,841,000","4,746,000","5,215,000","5,499,000","5,532,000","5,644,000","5,586,000","5,490,000","5,790,000","5,771,000","6,032,000","6,482,000","6,922,000","7,450,000","8,269,000","8,815,000"
Austria,12,https://www.countryflags.io/at/flat/64.png,"17,173,000","17,173,000","17,090,000","16,647,000","17,352,000","17,467,000","17,982,000","18,180,000","18,611,000","19,078,000","19,374,000","19,952,000","20,269,000","20,773,000","21,935,000","21,355,000","22,004,000","23,012,000","24,151,000","24,813,000","25,291,000","26,728,000","28,121,000","29,460,000"
Azerbaijan,13,,,,,,,,,,576,768,989,693,682,732,"1,043,000","1,005,000","1,280,000","1,562,000","1,986,000","2,130,000","2,160,000","1,922,000","2,044,000","2,454,000"
Burundi,14,,34,34,27,11,15,26,29,36,74,74,133,148,214,192,202,212,142,144,147,234,235,131,187,299
Belgium,15,https://www.countryflags.io/be/flat/64.png,"5,560,000","5,560,000","5,829,000","6,037,000","6,179,000","6,369,000","6,457,000","6,452,000","6,720,000","6,690,000","6,710,000","6,747,000","6,995,000","7,045,000","7,165,000","6,815,000","7,186,000","7,494,000","7,560,000","7,684,000","7,887,000","8,355,000","7,481,000","8,385,000"
Benin,16,,138,138,143,148,152,80,96,88,72,175,174,176,180,186,188,190,199,209,220,231,242,255,267,281
Burkina Faso,17,,124,124,131,138,160,117,126,128,150,163,222,245,264,289,272,269,274,238,237,218,191,163,152,143
Bangladesh,18,,156,156,166,182,172,173,199,207,207,245,271,208,200,289,467,267,303,155,125,148,125,,,
Bulgaria,19,,"3,466,000","3,466,000","2,795,000","2,980,000","2,667,000","2,472,000","2,785,000","3,186,000","3,433,000","4,048,000","4,630,000","4,837,000","5,158,000","5,151,000","5,780,000","5,739,000","6,047,000","6,328,000","6,541,000","6,898,000","7,311,000","7,099,000","8,252,000","8,883,000"
Bahrain,20,https://www.countryflags.io/bh/flat/64.png,"2,311,000","2,311,000","1,988,000","2,600,000","2,898,000","3,280,000","3,869,000","4,388,000","4,831,000","4,844,000","5,667,000","6,313,000","7,289,000","7,833,000","8,631,000","8,861,000","11,952,000","6,732,000","8,062,000","9,163,000","10,452,000","9,670,000","10,158,000","11,370,000"
"Bahamas, The",21,,"1,598,000","1,598,000","1,633,000","1,618,000","1,528,000","1,577,000","1,544,000","1,538,000","1,513,000","1,510,000","1,561,000","1,608,000","1,601,000","1,528,000","1,463,000","1,327,000","1,370,000","1,346,000","1,422,000","1,366,000","1,427,000","1,484,000","1,499,000","1,439,000"
Bosnia and Herzegovina,22,,,,,115,148,147,171,139,160,165,190,217,256,306,322,311,365,392,439,529,536,678,778,923
Belarus,23,,"160,6","160,6",234,"253,5",355,"74,9",60,61,63,64,67,91,89,105,"90,5",95,"119,3",116,"6,129,900","6,241,800","5,374,900","4,385,600","10,935,400","11,060,200"
Belize,24,,131,131,133,146,176,181,196,196,200,221,231,237,247,251,245,232,242,250,277,294,321,341,386,427
Bermuda,25,,387,387,390,380,370,355,332,278,284,257,272,270,299,306,264,236,232,236,232,236,224,220,244,270
Bolivia,26,,284,284,313,355,387,342,319,316,334,427,480,524,521,573,594,599,679,711,798,798,871,882,959,"1,134,000"
Brazil,27,https://www.countryflags.io/br/flat/64.png,"1,991,000","1,991,000","2,666,000","2,850,000","4,818,000","5,107,000","5,313,000","4,773,000","3,785,000","4,133,000","4,794,000","5,358,000","5,017,000","5,026,000","5,050,000","4,802,000","5,161,000","5,433,000","5,677,000","5,813,000","6,430,000","6,306,000","6,547,000","6,589,000"
Barbados,28,,442,442,447,472,512,515,545,507,498,531,552,548,563,575,568,519,532,568,536,509,521,592,632,664
Brunei Darussalam,29,,,,,,,,,,,,119,126,158,179,226,157,214,242,209,225,201,218,219,259
Bhutan,30,,"4,8","4,8","5,2","5,4","6,2","7,2","7,6","6,4","5,6","6,3","9,2","13,6","17,3",21,28,23,41,66,105,116,133,155,210,255
Botswana,31,,521,521,512,607,750,843,"1,104,000","1,193,000","1,274,000","1,406,000","1,523,000","1,474,000","1,426,000","1,736,000","2,101,000","1,721,000","1,973,000",,"1,614,000","1,544,000","1,966,000","1,528,000","1,574,000",
Canada,32,https://www.countryflags.io/ca/flat/64.png,"16,932,000","16,932,000","17,286,000","17,669,000","18,870,000","19,411,000","19,627,000","19,679,000","20,057,000","17,534,000","19,145,000","18,771,000","18,265,000","17,935,000","17,142,000","15,737,000","16,219,000","16,014,000","16,344,000","16,059,000","16,537,000","17,971,000","19,971,000","20,798,000"
Switzerland,33,https://www.countryflags.io/ch/flat/64.png,"6,946,000","6,946,000","6,730,000","7,039,000","7,185,000","7,154,000","7,821,000","7,455,000","6,868,000","6,530,000",,"7,229,000","7,863,000","8,448,000","8,608,000","8,294,000","8,628,000","8,534,000","8,566,000","8,967,000","9,158,000","9,305,000","9,205,000","9,889,000"
Channel Islands,34,,,,,,,,,,,,,,,,,,,,,,,,,
Chile,35,,"1,540,000","1,540,000","1,450,000","1,644,000","1,759,000","1,632,000","1,742,000","1,723,000","1,412,000","1,614,000","1,785,000","2,027,000","2,253,000","2,507,000","2,710,000","2,760,000","2,801,000","3,137,000","3,554,000","3,576,000","3,674,000","4,478,000","5,641,000","6,450,000"
China,36,https://www.countryflags.io/cn/flat/64.png,"20,034,000","20,034,000","22,765,000","23,770,000","25,073,000","27,047,000","31,229,000","33,167,000","36,803,000","32,970,000","41,761,000","46,809,000","49,913,000","54,720,000","53,049,000","50,875,000","55,664,000","57,581,000","57,725,000","55,686,000","55,622,000","56,886,000","59,270,000","60,740,000"
Cote d'Ivoire,37,,,,,,,,,,,,,,,182,205,231,252,270,289,380,471,"1,441,000","1,583,000","1,800,000"
Cameroon,38,,,,,,,,,,,,190,176,451,477,487,498,573,604,817,783,822,897,994,
"Congo, Dem. Rep.",39,,35,35,37,30,53,80,103,55,28,35,36,61,55,47,50,53,81,186,167,191,334,354,351,
"Congo, Rep.",40,,37,37,39,27,20,14,19,27,22,23,31,35,46,55,62,94,101,168,204,231,273,363,224,206
Colombia,41,,"1,399,000","1,399,000",631,639,674,546,557,616,567,625,791,933,"2,045,000","2,254,000","2,317,000","2,364,000","1,405,000","2,042,000","2,175,000","2,288,000","2,552,000","2,978,000","3,317,000","4,113,000"
Comoros,42,,23,23,24,26,27,24,24,"19,4","18,9","20,6","23,3","25,9","28,5","15,2","14,8","11,3","15,3","18,8","22,8","21,9","22,8","23,6","26,8",28
Cabo Verde,43,,28,28,37,45,52,67,115,134,126,150,157,198,242,267,285,287,336,428,482,503,494,520,598,668
Costa Rica,44,,785,785,781,811,943,"1,032,000","1,088,000","1,131,000","1,113,000","1,239,000","1,453,000","1,679,000","1,725,000","1,980,000","2,089,000","1,923,000","2,100,000","2,192,000","2,343,000","2,428,000","2,527,000","2,660,000","2,925,000","2,960,000"
Cuba,46,,742,742,999,"1,153,000","1,390,000","1,561,000","1,741,000","1,736,000","1,656,000","1,847,000","2,017,000","2,261,000","2,150,000","2,119,000","2,316,000","2,405,000","2,507,000","2,688,000","2,823,000","2,839,000","2,981,000","3,506,000","3,975,000","4,594,000"
Curacao,47,,224,224,214,205,199,198,191,205,218,221,223,222,234,300,409,367,342,390,421,441,452,468,441,399
Cayman Islands,48,,361,361,373,381,404,395,354,334,303,294,260,168,267,292,303,272,288,309,322,345,383,385,385,418
Cyprus,49,,"2,100,000","2,100,000","1,950,000","2,088,000","2,223,000","2,434,000","2,686,000","2,697,000","2,418,000","2,303,000","2,349,000","2,470,000","2,401,000","2,416,000","2,404,000","2,141,000","2,173,000","2,392,000","2,465,000","2,405,000","2,441,000","2,659,000","3,187,000","3,652,000"
Czech Republic,50,,"3,381,000","3,381,000","4,558,000","4,976,000","5,482,000","5,610,000","4,773,000","5,405,000","4,743,000","5,076,000","6,061,000","6,336,000","6,435,000","6,680,000","6,649,000","6,032,000","6,334,000","6,715,000","7,647,000","7,852,000","8,096,000","8,707,000","9,321,000","10,160,000"
Germany,51,https://www.countryflags.io/de/flat/64.png,"14,847,000","14,847,000","15,205,000","15,837,000","16,511,000","17,116,000","18,983,000","17,861,000","17,969,000","18,399,000","20,137,000","21,500,000","23,569,000","24,421,000","24,884,000","24,220,000","26,875,000","28,374,000","30,411,000","31,545,000","32,999,000","34,970,000","35,555,000","37,452,000"
Djibouti,52,,21,21,20,20,21,21,"20,1","21,6","22,5","23,2","26,3","30,2","39,5",40,54,58,51,56,60,63,,,,
Dominica,53,,60,60,63,65,66,74,70,66,69,73,80,79,84,81,81,75,77,76,79,78,"81,5",75,78,72
Denmark,54,https://www.countryflags.io/de/flat/64.png,,,"2,125,000","2,158,000","2,073,000","2,023,000","3,535,000","3,684,000","3,436,000","3,474,000","4,421,000","9,587,000","9,630,000","9,832,000","9,564,000","9,265,000","9,425,000","8,471,000","8,443,000","8,557,000","10,267,000","10,424,000","10,781,000","11,743,000"
Dominican Republic,55,,"1,776,000","1,776,000","1,926,000","2,211,000","2,309,000","2,649,000","2,978,000","2,882,000","2,811,000","3,282,000","3,450,000","3,691,000","3,965,000","3,980,000","3,980,000","3,992,000","4,125,000","4,306,000","4,563,000","4,690,000","5,141,400","5,600,000","5,959,300","6,188,000"
Algeria,56,,520,520,605,635,678,749,866,901,988,"1,166,000","1,234,000","1,443,000","1,638,000","1,743,000","1,772,000","1,912,000","2,070,000","2,395,000","2,634,000","2,733,000","2,301,000","1,710,000","2,039,000","2,451,000"
Ecuador,57,,440,440,494,529,511,518,627,641,683,761,819,860,841,937,"1,005,000",968,"1,047,000","1,141,000","1,272,000","1,364,000","1,557,000","1,544,000","1,418,000","1,608,000"
Egypt,58,https://www.countryflags.io/eg/flat/64.png,"2,871,000","2,871,000","3,528,000","3,656,000","3,213,000","4,490,000","5,116,000","4,357,000","4,906,000","5,746,000","7,795,000","8,244,000","8,646,000","10,610,000","12,296,000","11,914,000","14,051,000","9,497,000","11,196,000","9,174,000","9,628,300","9,139,000","5,258,000","8,157,000"
Eritrea,59,,315,315,417,410,188,57,70,113,101,80,87,83,78,81,70,79,84,107,129,141,119,114,142,
Spain,60,https://www.countryflags.io/es/flat/64.png,"32,971,000","32,971,000","34,027,000","39,553,000","41,892,000","45,440,000","46,403,000","48,565,000","50,331,000","50,854,000","52,430,000","55,914,000","58,004,000","58,666,000","57,192,000","52,178,000","52,677,000","56,177,000","57,464,000","60,675,000","64,939,000","68,175,000","75,315,000","81,786,000"
Estonia,61,,530,530,665,730,825,950,"1,220,000","1,320,000","1,362,000","1,462,000","1,750,000","1,917,000","1,940,000","1,900,000","2,222,000","2,180,000","2,511,000","2,823,000","2,957,000","3,111,000","3,160,000","2,961,000","3,131,000","3,245,000"
Ethiopia,62,,103,103,109,139,112,115,136,148,156,180,184,227,330,358,383,427,468,523,597,681,770,864,871,933
Finland,63,,"1,779,000","1,779,000","1,724,000","1,832,000","1,867,000","1,831,000","1,971,000","1,999,000","2,043,000","2,047,000","2,083,000","2,080,000","2,317,000","2,472,000","2,494,000","2,220,000","2,319,000","2,623,000","2,778,000","2,797,000","2,731,000","2,622,000","2,789,000","3,180,000"
Fiji,64,,318,318,340,359,371,410,294,348,398,431,504,545,549,540,585,542,632,675,661,659,693,755,792,843
France,65,https://www.countryflags.io/fr/flat/64.png,"60,033,000","60,033,000","62,406,000","66,591,000","70,109,000","73,147,000","77,190,000","75,202,000","77,012,000","75,048,000","74,433,000","74,988,000","77,916,000","80,853,000","79,218,000","76,764,000","76,647,000","80,499,000","81,980,000","83,634,000","83,701,000","84,452,000","82,682,000","86,861,000"
Faroe Islands,66,,,,,,,,,,,,,,,,,,,,,,,,,
"Micronesia, Fed. Sts.",67,,,,"17,6","17,2","13,4","16,1","20,5","15,3","19,1","18,2","19,3",19,"19,1","21,1","25,7","47,5","44,7","35,4","38,3","42,1","35,4","31,2","29,6",
Gabon,68,,125,125,145,167,195,178,155,169,208,222,244,269,,,,,,,,,,,,
United Kingdom,69,https://www.countryflags.io/gb/flat/64.png,"21,719,000","21,719,000","22,936,000","23,215,000","23,710,000","23,341,000","23,212,000","20,982,000","22,307,000","22,787,000","25,678,000","28,039,000","30,654,000","30,870,000","30,142,000","28,199,000","28,295,000","29,306,000","29,282,000","31,063,000","32,613,000","34,436,000","35,814,000","37,651,000"
Georgia,70,,85,85,117,313,317,384,387,302,298,313,368,560,983,"1,052,000","1,290,000","1,500,000","2,032,000","2,712,000","4,106,000","4,954,000","5,004,000","5,256,000","5,393,000","6,483,000"
Ghana,71,,286,286,305,325,348,373,399,439,483,531,584,429,497,587,698,803,931,821,903,994,825,897,,
Gibraltar,72,,,,,,,,,,,,,,,,,,,,,,,,,
Guinea,73,,,,12,17,23,27,33,38,43,44,45,45,"46,1",30,24,,"12,4",131,96,56,33,35,60,
"Gambia, The",74,,45,45,77,85,91,96,79,57,81,89,90,108,125,143,147,142,91,106,157,171,156,135,161,162
Guinea-Bissau,75,,,,,,,,,"7,8",,,,5,"11,6","15,6",18,16,"22,3","36,7","35,4","35,5","36,1","43,8",,
Equatorial Guinea,76,,,,,,,,,,,,,,,,,,,,,,,,,
Greece,77,https://www.countryflags.io/gr/flat/64.png,"10,130,000","10,130,000","9,233,000","10,070,000","10,916,000","12,164,000","13,096,000","14,057,000","14,180,000","13,969,000","13,313,000","14,765,000","16,039,000","16,165,000","15,939,000","14,915,000","15,007,000","16,427,000","15,518,000","17,920,000","22,033,000","23,599,000","24,799,000","27,194,000"
Grenada,78,,108,108,108,111,116,125,129,123,132,142,134,99,119,130,130,114,110,118,125,128,150,155,156,168
Greenland,79,,,,,,,,,,,,,,,,,,,,,,,,,
Guatemala,80,,563,563,520,576,636,823,826,835,884,880,"1,182,000","1,316,000","1,502,000","1,628,000","1,715,000","1,393,000","1,384,000","1,434,000","1,491,000","1,516,000","1,739,000","1,865,000","1,906,000","2,113,000"
Guam,81,,"1,362,000","1,362,000","1,373,000","1,382,000","1,137,000","1,162,000","1,287,000","1,159,000","1,059,000",910,"1,160,000","1,228,000","1,212,000","1,225,000","1,142,000","1,053,000","1,197,000","1,160,000","1,308,000","1,334,000","1,343,000","1,409,000","1,536,000","1,544,000"
Guyana,82,,106,106,92,76,66,75,105,99,104,101,122,117,113,134,130,141,152,157,177,200,206,207,235,247
Honduras,84,,271,271,263,307,321,371,471,518,550,611,641,673,739,804,869,836,863,871,895,863,868,880,838,851
Croatia,85,https://www.countryflags.io/hr/flat/64.png,"1,485,000","1,485,000","2,914,000","4,178,000","4,499,000","3,805,000","5,831,000","6,544,000","6,944,000","7,409,000","7,912,000","7,743,000","7,988,000","8,559,000","8,665,000","8,694,000","9,111,000","9,927,000","10,369,000","10,948,000","11,623,000","12,683,000","13,809,000","15,593,000"
Haiti,86,,145,145,150,149,147,143,140,142,140,136,96,112,108,386,258,387,255,349,349,420,"465,2",516,445,467
Hungary,87,https://www.countryflags.io/hu/flat/64.png,"2,878,000","2,878,000","2,979,000","2,887,000","2,871,000","2,789,000","2,992,000","3,070,000","3,013,000","2,948,000","3,270,000","3,446,000","3,310,000","3,451,000","3,516,000","3,228,000","3,462,000","3,822,000","4,164,000","4,388,000","4,618,000","4,929,000","5,302,000","5,650,000"
Indonesia,88,https://www.countryflags.io/id/flat/64.png,"4,324,000","4,324,000","5,034,000","5,185,000","4,606,000","4,728,000","5,064,000","5,153,000","5,033,000","4,467,000","5,321,000","5,002,000","4,871,000","5,506,000","6,234,000","6,324,000","7,003,000","7,650,000","8,044,000","8,802,000","9,435,000","10,407,000","11,519,000","14,040,000"
Isle of Man,90,,,,,,,,,,,,,,,,,,,,,,,,,
India,91,https://www.countryflags.io/in/flat/64.png,"2,124,000","2,124,000","2,288,000","2,374,000","2,359,000","2,482,000","2,649,000","2,537,000","2,384,000","2,726,000","3,457,000","3,919,000","4,447,000","5,082,000","5,283,000","5,168,000","5,776,000","6,309,000","6,578,000","6,968,000","13,107,000","13,284,000","14,570,000","15,543,000"
Not classified,92,,,,,,,,,,,,,,,,,,,,,,,,,
Ireland,93,https://www.countryflags.io/ie/flat/64.png,"4,818,000","4,818,000","5,289,000","5,587,000","6,064,000","6,403,000","6,646,000","6,353,000","6,476,000","6,764,000","6,953,000","7,333,000","8,001,000","8,332,000","8,026,000","7,189,000","7,134,000","7,630,000","7,550,000","8,260,000","8,813,000","9,528,000","10,100,000","10,338,000"
Iran,94,https://www.countryflags.io/ir/flat/64.png,568,568,693,860,"1,124,000","1,321,000","1,342,000","1,402,000","1,585,000","1,546,000","1,659,000","1,889,000","2,735,000","2,219,000","2,034,000","2,116,000","2,938,000","3,354,000","3,834,000","4,769,000","4,968,000","5,237,000","4,942,000","4,867,000"
Iraq,95,,61,61,51,15,45,30,78,127,,,,,,,864,"1,262,000","1,518,000","1,510,000","1,111,000",892,,,,
Iceland,96,,190,190,201,202,232,263,303,301,285,317,360,374,422,485,502,494,489,566,673,"807,3","997,6","1,289,000","1,792,000","2,225,000"
Israel,97,,"2,215,000","2,215,000","2,100,000","2,010,000","1,942,000","2,312,000","2,417,000","1,196,000","861,9","1,063,000","1,505,600","1,903,000","1,825,000","2,067,000","2,572,000","2,321,000","2,803,000","2,820,000","2,886,000","2,962,000","2,927,000","2,799,000","2,900,000","3,613,000"
Italy,98,https://www.countryflags.io/it/flat/64.png,"31,052,000","31,052,000","32,943,000","34,692,000","34,933,000","36,516,000","41,181,000","39,563,000","39,799,000","39,604,000","37,071,000","36,513,000","41,058,000","43,654,000","42,734,000","43,239,000","43,626,000","46,119,000","46,360,000","47,704,000","48,576,000","50,732,000","52,372,000","58,253,000"
Jamaica,99,,"1,147,000","1,147,000","1,162,000","1,192,000","1,225,000","1,248,000","1,323,000","1,277,000","1,266,000","1,350,000","1,415,000","1,479,000","1,679,000","1,701,000","1,767,000","1,831,000","1,922,000","1,952,000","1,986,000","2,008,400","2,080,000","2,123,000","2,182,000","2,353,000"
Jordan,100,,"1,075,000","1,075,000","1,106,000","1,132,000","1,772,000","1,790,000","1,580,000","1,672,000","2,384,000","2,353,000","2,853,000","2,987,000","3,225,000","3,431,000","3,729,000","3,789,000","4,207,000","3,960,000","4,162,000","3,945,000","3,990,000","3,761,000","3,567,000","3,843,500"
Japan,101,https://www.countryflags.io/jp/flat/64.png,"3,345,000","3,345,000","3,837,000","4,218,000","4,106,000","4,438,000","4,757,000","4,772,000","5,239,000","5,212,000","6,138,000","6,728,000","7,334,000","8,347,000","8,351,000","6,790,000","8,611,000","6,219,000","8,358,000","10,364,000","13,413,000","19,737,000","24,040,000","28,691,000"
Kazakhstan,102,,,,202,284,257,394,"1,683,000","2,693,000","3,678,000","3,237,000","4,291,000","4,365,000","4,707,000","5,311,000","4,117,000","3,774,000","4,097,000","5,685,000","6,163,000","6,841,000","6,333,000","6,430,000","6,509,000","7,701,000"
Kenya,103,,918,918,947,928,792,862,899,841,838,927,"1,199,000","1,399,000","1,464,000","1,686,000","1,141,000","1,392,000","1,470,000","1,750,000","1,619,000","1,434,000","1,261,000","1,114,000","1,268,000","1,364,000"
Kyrgyz Republic,104,,36,36,42,87,59,48,59,99,140,342,398,319,766,"1,656,000","2,379,000","2,451,000","1,224,000","3,025,000","3,393,000","4,134,000","3,791,000","4,000,000","3,853,000","4,568,000"
Cambodia,105,,220,220,260,219,287,368,466,605,787,701,"1,055,000","1,422,000","1,700,000","2,015,000","2,125,000","2,162,000","2,508,000","2,882,000","3,584,000","4,210,000","4,503,000","4,775,000","5,012,000","5,602,000"
Kiribati,106,,"3,9","3,9","4,2","5,1","5,7","5,1","4,8","4,6","4,9","4,9","3,4","4,1","4,4","4,7","3,9","3,9","4,7","5,3","4,9","5,9",5,"3,9","5,7","5,8"
St. Kitts and Nevis,107,,79,79,84,88,93,84,73,71,69,91,118,141,139,123,128,83,98,104,104,107,113,122,,
South Korea,108,https://www.countryflags.io/kp/flat/64.png,"3,753,000","3,753,000","3,684,000","3,908,000","4,250,000","4,660,000","5,322,000","5,147,000","5,347,000","4,753,000","5,818,000","6,023,000","6,155,000","6,448,000","6,891,000","7,818,000","8,798,000","9,795,000","11,140,000","12,176,000","14,202,000","13,232,000","17,242,000","13,336,000"
Kuwait,109,,72,72,76,79,77,84,78,73,96,94,91,104,185,293,259,297,207,269,300,307,,,,
Lao PDR,110,,60,60,93,193,200,259,191,173,215,196,407,672,842,"1,142,000","1,295,000","1,239,000","1,670,000","1,894,000","2,291,000","2,700,000","3,164,000","3,543,000","3,315,000","3,257,000"
Lebanon,111,,450,450,424,558,631,673,742,837,956,"1,016,000","1,278,000","1,140,000","1,063,000","1,017,000","1,333,000","1,844,000","2,168,000","1,655,000","1,366,000","1,274,000","1,355,000","1,518,000","1,688,000","1,857,000"
Liberia,112,,,,,,,,,,,,,,,,,,,,,,,,,
Libya,113,,,,,,,,,,,,43,81,42,38,34,,,,,,,,,
St. Lucia,114,,231,231,236,248,252,264,270,250,253,277,298,318,303,287,296,278,306,312,307,319,338,345,348,386
Liechtenstein,115,,59,59,56,57,59,60,"61,6","56,5","48,7",49,"48,5","49,8","54,9","58,3","58,5","52,3","49,8","53,3","53,6","52,4","53,7","48,6",60,69
Sri Lanka,116,,403,403,302,366,381,436,400,337,393,501,566,549,560,494,438,448,654,856,"1,006,000","1,275,000","1,527,000","1,798,000","2,051,000","2,116,400"
Lesotho,117,,209,209,312,313,290,308,302,295,287,329,304,304,357,300,293,344,426,398,423,433,"1,079,000","1,082,000","1,196,000","1,137,000"
Lithuania,118,,650,650,832,"1,012,000","1,416,000","1,422,000","1,083,000","1,271,000","1,428,000","1,491,000","1,800,000","2,000,000","2,180,000","1,486,000","1,611,000","1,341,000","1,507,000","1,775,000","1,900,000","2,012,000","2,063,000","2,071,000","2,296,000","2,523,000"
Luxembourg,119,https://www.countryflags.io/lu/flat/64.png,768,768,724,778,789,863,852,836,885,867,878,913,908,914,877,847,805,874,950,945,"1,038,000","1,090,000","1,054,000","1,046,000"
Latvia,120,,539,539,565,635,576,544,509,591,848,971,"1,079,000","1,116,000","1,535,000","1,653,000","1,684,000","1,323,000","1,373,000","1,493,000","1,435,000","1,536,000","1,843,000","2,024,000","1,793,000","1,949,000"
St. Martin (French part),122,,,,,,,,,,,,,,,,,,,,,,,,,
Morocco,123,,"2,602,000","2,602,000","2,693,000","3,072,000","3,095,000","3,817,000","4,278,000","4,380,000","4,453,000","4,761,000","5,477,000","5,843,000","6,558,000","7,408,000","7,879,000","8,341,000","9,288,000","9,342,000","9,375,000","10,046,000","10,283,000","10,177,000","10,332,000","11,349,000"
Monaco,124,,233,233,226,259,278,278,300,270,263,235,250,286,313,328,324,265,279,295,292,328,329,331,336,355
Moldova,125,,,,,,,,,,,,69,67,63,70,73,60,64,75,89,"95,6","93,9","94,4",121,145
Madagascar,126,,75,75,83,101,121,138,160,170,62,139,229,277,312,344,375,163,196,225,256,196,222,244,293,255
Maldives,127,,315,315,339,366,396,430,467,461,485,564,617,395,602,676,683,656,792,931,958,"1,125,000","1,205,000","1,234,000","1,286,000","1,390,000"
Mexico,128,https://www.countryflags.io/mx/flat/64.png,"20,241,000","20,241,000","21,395,000","19,351,000","19,392,000","19,043,000","20,641,000","19,810,000","19,667,000","18,665,000","20,618,000","21,915,000","21,353,000","21,606,000","22,931,000","22,346,000","23,290,000","23,403,000","23,403,000","24,151,000","29,346,000","32,093,000","35,079,000","39,291,000"
Marshall Islands,129,,"5,5","5,5","6,2","6,4","6,4","4,6","5,2","5,4",6,"7,2",9,"9,2","5,8","7,2",6,"5,4","4,6","4,6","4,6",,"4,9","6,3","5,4",6
North Macedonia,130,,147,147,136,121,157,181,224,99,123,158,165,197,202,230,255,259,262,327,351,400,425,486,510,631
Mali,131,,42,42,98,75,83,82,86,89,96,110,113,143,153,164,190,160,169,160,134,142,168,"159,3","173,2","193,3"
Malta,132,,"1,116,000","1,116,000","1,054,000","1,111,000","1,182,000","1,214,000","1,216,000","1,180,000","1,134,000","1,127,000","1,156,000","1,171,000","1,124,000","1,244,000","1,291,000","1,182,000","1,339,000","1,415,000","1,443,000","1,582,000","1,690,000","1,783,000","1,966,000","2,274,000"
Myanmar,133,,194,194,490,491,478,435,416,475,487,597,657,660,630,716,731,763,792,816,"1,059,000","2,044,000","3,081,000","4,681,000","2,907,000","3,443,000"
Montenegro,134,,,,,,,,,,136,142,188,272,378,984,"1,031,000","1,044,000","1,088,000","1,201,000","1,264,000","1,324,000","1,350,000","1,560,000","1,662,000","1,877,000"
Mongolia,135,,108,108,71,82,165,155,154,187,229,201,301,339,404,452,446,412,456,460,476,418,393,386,404,469
Northern Mariana Islands,136,,669,669,728,685,481,493,517,438,466,452,525,498,429,385,388,345,375,336,399,436,455,"475,1",526,656
Mozambique,137,,,,,,,,,323,541,441,470,578,664,771,"1,193,000","1,461,000","1,718,000","1,902,000","2,113,000","1,886,000","1,661,000","1,552,000","1,639,000","1,447,000"
Mauritania,138,,,,,,,24,30,,,,,,,,,,,,,,,,,
Mauritius,139,,422,422,487,536,558,578,656,660,682,702,719,761,788,907,930,871,935,965,965,993,"1,038,000","1,151,000","1,275,000","1,342,000"
Malawi,140,,192,192,194,207,220,254,228,266,383,424,427,438,638,735,742,755,746,767,770,795,819,805,849,837
Malaysia,141,https://www.countryflags.io/my/flat/64.png,"7,469,000","7,469,000","7,138,000","6,211,000","5,551,000","7,931,000","10,222,000","12,775,000","13,292,000","10,577,000","15,703,000","16,431,000","17,547,000","20,973,000","22,052,000","23,646,000","24,577,000","24,714,000","25,033,000","25,715,000","27,437,000","25,721,000","26,757,000","25,948,000"
Namibia,142,,272,272,461,502,614,635,656,670,757,695,716,778,833,929,931,980,984,"1,027,000","1,079,000","1,176,000","1,320,000","1,388,000","1,469,000","1,499,000"
New Caledonia,143,,86,86,91,105,104,100,110,101,104,102,100,101,100,103,104,99,99,112,112,108,107,114,116,121
Niger,144,,35,35,68,68,41,39,50,52,39,55,57,58,60,48,73,66,74,82,94,123,135,135,152,164
Nigeria,145,,656,656,822,611,739,776,813,850,887,924,962,"1,010,000","1,111,000","1,212,000","1,313,000","1,414,000","1,555,000",715,486,600,,"1,255,000","1,889,000",
Nicaragua,146,,281,281,303,358,406,468,486,483,472,526,615,712,749,800,858,932,"1,011,000","1,060,000","1,180,000","1,229,000","1,330,000","1,386,000","1,504,000","1,787,000"
Netherlands,147,https://www.countryflags.io/nl/flat/64.png,"6,574,000","6,574,000","6,580,000","7,841,000","9,312,000","9,874,000","10,003,000","9,500,000","9,595,000","9,181,000","9,646,000","10,012,000","10,739,000","11,008,000","10,104,000","9,921,000","10,883,000","11,300,000","11,680,000","12,783,000","13,925,000","15,007,000","15,828,000","17,924,000"
Norway,148,https://www.countryflags.io/no/flat/64.png,"2,880,000","2,880,000","2,746,000","2,702,000","3,256,000","3,223,000","3,104,000","3,073,000","3,111,000","3,269,000","3,628,000","3,824,000","4,070,000","4,377,000","4,347,000","4,346,000","4,767,000","4,963,000","4,538,000","4,778,000","4,855,000","5,361,000","5,960,000","6,252,000"
Nepal,149,,363,363,394,422,464,492,464,361,275,338,385,375,384,527,500,510,603,736,803,798,790,539,753,940
Nauru,150,,,,,,,,,,,,,,,,,,,,,,,,,
New Zealand,151,,,,,,"1,475,000","1,596,000","1,780,000","1,900,000","2,026,000","2,086,000","2,325,000","2,353,000","2,390,000","2,434,000","2,371,000","2,373,000","2,435,000","2,511,000","2,473,000","2,629,000","2,772,000","3,039,000","3,370,000","3,555,000"
Oman,152,,279,279,349,376,424,503,571,829,817,"1,039,000","1,195,000",891,"1,066,000","1,223,000","1,373,000","1,521,000","1,441,000","1,018,000","1,241,000","1,392,000","1,611,000","1,909,000","2,335,000","2,372,000"
Pakistan,154,,378,378,369,375,429,432,557,500,498,501,648,798,898,840,823,855,907,"1,161,000",966,,,,,
Panama,155,,345,345,362,421,431,457,484,519,534,566,621,702,843,"1,103,000","1,247,000","1,200,000","1,324,000","1,473,000","1,606,000","1,658,000","1,745,000","2,110,000","1,921,000","1,843,000"
Peru,156,,479,479,584,649,726,694,800,901,"1,064,000","1,136,000","1,350,000","1,571,000","1,721,000","1,916,000","2,058,000","2,140,000","2,299,000","2,598,000","2,846,000","3,164,000","3,215,000","3,456,000","3,744,000","4,032,000"
Philippines,157,,"1,760,000","1,760,000","2,049,000","2,223,000","2,149,000","2,171,000","1,992,000","1,797,000","1,933,000","1,907,000","2,291,000","2,623,000","2,843,000","3,092,000","3,139,000","3,017,000","3,520,000","3,917,000","4,273,000","4,681,000","4,833,000","5,361,000","5,967,000","6,621,000"
Palau,158,,53,53,69,74,64,55,58,54,59,63,89,81,82,88,81,71,85,111,120,108,140,162,138,123
Papua New Guinea,159,,42,42,61,66,67,67,58,54,54,56,59,69,78,104,114,121,140,158,168,174,182,185,179,
Poland,160,https://www.countryflags.io/pl/flat/64.png,"19,215,000","19,215,000","19,410,000","19,520,000","18,780,000","17,950,000","17,400,000","15,000,000","13,980,000","13,720,000","14,290,000","15,200,000","15,670,000","14,975,000","12,960,000","11,890,000","12,470,000","13,350,000","14,840,000","15,800,000","16,000,000","16,728,000","17,471,000","18,258,000"
Puerto Rico,161,,"3,131,000","3,131,000","3,065,000","3,242,000","3,396,000","3,024,000","3,341,000","3,551,000","3,087,000","3,238,000","3,541,000","3,686,000","3,722,000","3,687,000","3,716,000","3,183,000","3,186,000","3,048,000","3,069,000","3,172,000","3,246,000","3,542,000","3,736,000","3,797,000"
"Korea, Dem. Peopleâ€™s Rep.",162,,,,,,,,,,,,,,,,,,,,,,,,,
Portugal,163,https://www.countryflags.io/pt/flat/64.png,"4,572,000","4,572,000","4,567,000","4,798,000","5,539,000","5,379,000","5,599,000","5,392,000","5,560,000","5,383,000","5,654,000","5,769,000","6,349,000","6,788,000","6,962,000","6,439,000","6,756,000","7,264,000","7,503,000","9,177,000","10,497,000","11,723,000","13,359,000","15,432,000"
Paraguay,164,,438,438,426,395,350,269,289,279,250,268,309,341,388,416,428,439,465,524,579,610,649,"1,215,000","1,308,000","1,584,000"
West Bank and Gaza,165,,,,220,210,200,300,310,43,33,37,56,88,123,264,387,396,522,449,490,545,556,432,400,503
Pacific island small states,166,,"544,156","544,156","587,558","613,46","627,104","668,066","572,454","609,766","672,527","717,545","835,378","878,774","893,942","923,978","982,543","962,452","1,064,313","1,121,471","1,140,558","1,124,520","1,184,836","1,259,768","1,290,303","1,360,729"
French Polynesia,167,,172,172,164,180,189,211,252,228,189,213,212,208,222,218,196,160,154,163,169,164,181,184,192,199
Qatar,168,,309,309,327,333,320,357,378,376,587,557,732,913,946,964,"1,405,000","1,481,600","1,699,500","2,056,700","2,323,500","2,611,900","2,839,200","2,941,100","2,938,200","2,256,500"
Romania,169,,"5,445,000","5,445,000","5,205,000","5,149,000","4,831,000","5,224,000","5,264,000","4,938,000","4,794,000","5,595,000","6,600,000","5,839,000","6,037,000","7,722,000","8,862,000","7,575,000","7,498,000","7,611,000","7,937,000","8,019,000","8,442,000","9,331,000","10,223,000","10,926,000"
Russia,170,https://www.countryflags.io/ru/flat/64.png,"10,290,000","10,290,000","16,208,000","17,463,000","16,188,000","18,820,000","21,169,000","21,595,000","23,309,000","22,521,000","22,064,000","22,201,000","22,486,000","22,909,000","23,676,000","21,339,000","22,281,000","24,932,000","28,177,000","30,792,000","32,421,000","33,729,000","24,571,000","24,390,000"
Rwanda,171,,,,,,,,104,113,,,,,494,566,507,502,504,688,815,864,926,987,932,
Saudi Arabia,173,https://www.countryflags.io/sa/flat/64.png,"3,325,000","3,325,000",,,,,"6,585,000","6,727,000","7,511,000","7,332,000","8,599,000","8,037,000","8,620,000","11,531,000","14,757,000","10,897,000","10,850,000","14,179,000","16,332,000","15,772,000","18,260,000","17,994,000","18,044,000","16,109,000"
Sudan,174,,29,29,38,30,36,39,38,50,52,52,61,246,328,436,440,420,495,536,575,591,684,741,800,813
Senegal,175,,280,280,282,314,352,369,389,396,427,354,363,769,866,875,867,810,900,968,962,"1,063,000",963,"1,006,600","1,210,000","1,365,000"
Singapore,176,https://www.countryflags.io/sg/flat/64.png,"6,070,000","6,070,000","6,048,000","5,894,000","5,122,000","5,604,000","6,062,000","5,857,000","5,855,000","4,703,000","6,553,000","7,079,000","7,588,000","7,957,000","7,778,000","7,488,000","9,161,000","10,390,000","11,098,000","11,899,000","11,864,000","12,051,000","12,914,000","13,903,000"
Solomon Islands,177,,"11,8","11,8","10,3","13,8","15,8",,"5,2",,,"6,6","5,6","9,4","11,5","13,7","16,3","18,3","20,5","22,9","23,9","24,4","20,1","21,6","23,2","25,7"
Sierra Leone,178,,"13,8","13,8","21,9","7,5","12,9","10,6","15,8","24,1","28,4","38,1","43,6",40,"33,7","32,2",36,37,39,52,60,81,44,24,55,
El Salvador,179,,235,235,283,387,542,658,795,735,798,720,951,"1,127,000","1,279,000","1,339,000","1,385,000","1,091,000","1,150,000","1,184,000","1,255,000","1,283,000","1,345,000","1,402,000","1,434,000","1,556,000"
San Marino,180,,28,28,30,28,36,34,43,49,46,41,42,50,50,69,115,151,120,156,139,71,75,54,60,78
Somalia,181,,,,,,,,,,,,,,,,,,,,,,,,,
Serbia,182,,,,,,,,,,312,339,392,453,469,696,646,645,683,764,810,922,"1,029,000","1,132,000","1,281,000","1,497,000"
South Sudan,183,,,,,,,,,,,,,,,,,,,,,,,,,
Sao Tome and Principe,185,,"6,2","6,2","6,4","4,8","5,6","5,8","7,1","7,5","9,2",10,"10,6","15,8","12,3","11,8","14,5","15,2",8,"12,2",,,,"25,6",29,
Suriname,186,,43,43,53,61,55,57,57,54,60,82,138,161,154,167,151,151,205,220,240,249,252,228,256,278
Slovak Republic,187,,903,903,951,814,896,975,"1,053,000","1,219,000","1,399,000","1,387,000","1,401,000","1,515,000","1,612,000","1,685,000","1,767,000","1,298,000","1,327,000","1,460,000","1,528,000","1,670,000","1,475,000","1,721,000","2,027,000","2,162,000"
Slovenia,188,,732,732,832,974,977,884,"1,090,000","1,219,000","1,302,000","1,373,000","1,499,000","1,555,000","1,617,000","1,751,000","1,958,000","1,824,000","1,869,000","2,037,000","2,156,000","2,259,000","2,411,000","2,707,000","3,032,000","3,586,000"
Sweden,189,https://www.countryflags.io/se/flat/64.png,"2,310,000","2,310,000","2,376,000","2,388,000","2,573,000","2,595,000","3,828,000","4,108,000","4,276,000","4,268,000","4,676,000","4,883,000","4,729,000","5,224,000","4,555,000","4,899,000","5,183,000","5,222,000","5,146,000","5,229,000","5,660,000","6,482,000","6,782,000","7,054,000"
Eswatini,190,,300,300,315,269,284,289,281,283,256,461,459,837,873,869,756,908,868,879,888,968,939,873,947,921
Sint Maarten (Dutch part),191,,460,460,365,439,458,445,432,403,381,428,475,468,468,469,475,440,443,424,457,467,500,505,528,402
Seychelles,192,,121,121,131,130,128,125,130,130,132,122,121,129,141,161,159,158,175,194,208,230,233,276,303,350
Syrian Arab Republic,193,,815,815,830,891,"1,267,000","1,386,000","2,100,000","2,192,000","2,661,000","2,598,000","3,399,000","3,571,000","4,231,000","4,158,000","5,430,000","6,092,000","8,546,000","5,070,000",,,,,,
Turks and Caicos Islands,194,,79,79,88,93,111,121,152,166,155,164,173,176,248,265,352,351,281,354,"291,7","290,6",357,386,454,"416,4"
Chad,195,,,,,,,,,,,,,,46,77,61,70,71,77,86,97,119,120,98,87
Togo,196,,53,53,58,92,69,70,60,57,58,61,83,81,94,86,74,150,202,300,235,327,282,273,338,496
Thailand,197,https://www.countryflags.io/th/flat/64.png,"6,952,000","6,952,000","7,244,000","7,294,000","7,843,000","8,651,000","9,579,000","10,133,000","10,873,000","10,082,000","11,737,000","11,567,000","13,822,000","14,464,000","14,584,000","14,150,000","15,936,000","19,230,000","22,354,000","26,547,000","24,810,000","29,923,000","32,530,000","35,592,000"
Tajikistan,198,,,,700,"2,1","3,2","4,5","7,7","5,2",,,,,,,325,207,160,183,244,208,213,414,344,431
Turkmenistan,199,,218,218,217,257,300,,"3,4","5,2","10,8","8,2","14,8","11,6","5,6","8,2",,,,,,,,,,
Timor-Leste,200,,,,,,,,,,,,,,14,22,36,44,40,51,58,79,60,62,66,74
Tonga,201,,29,29,27,26,27,31,35,32,37,40,41,42,39,46,50,"45,7","47,1",46,"47,4","48,2","50,4","53,8","59,1","62,5"
Trinidad and Tobago,202,,260,260,266,324,334,358,399,383,384,409,443,463,461,449,437,419,388,431,455,434,412,440,409,395
Tunisia,203,,"4,120,000","4,120,000","3,885,000","4,263,000","4,718,000","4,832,000","5,058,000","5,387,000","5,064,000","5,114,000","5,998,000","6,378,000","6,550,000","6,762,000","7,050,000","7,797,000","7,828,000","5,746,000","6,999,000","7,352,000","7,163,000","5,359,000","5,724,000","7,052,000"
Turkey,204,https://www.countryflags.io/tr/flat/64.png,"7,083,000","7,083,000","7,966,000","9,040,000","8,960,000","6,893,000","9,586,000","10,783,000","12,790,000","13,341,000","16,826,000","20,273,000","18,916,000","26,122,000","29,792,000","30,187,000","31,364,000","34,654,000","35,698,000","37,795,000","39,811,000","39,478,000","30,289,000","37,601,000"
Tuvalu,205,,900,900,1,1,1,"1,1","1,1","1,1","1,3","1,4","1,3","1,1","1,1","1,1","1,7","1,6","1,7","1,2","1,1","1,3","1,4","2,4","2,5","2,5"
Tanzania,206,,285,285,315,347,450,564,459,501,550,552,566,590,622,692,750,695,754,843,"1,043,000","1,063,000","1,113,000","1,104,000","1,233,000","1,275,000"
Uganda,207,,160,160,174,175,195,189,193,205,254,305,512,468,539,642,844,807,946,"1,151,000","1,197,000","1,206,000","1,266,000","1,303,000","1,323,000","1,402,000"
Ukraine,208,https://www.countryflags.io/ua/flat/64.png,"3,716,000","3,716,000","3,854,000","7,558,000","6,208,000","4,232,000","6,431,000","9,174,000","10,517,000","12,514,000","15,629,000","17,631,000","18,936,000","23,122,000","25,449,000","20,798,000","21,203,000","21,415,000","23,013,000","24,671,000","12,712,000","12,428,000","13,333,000","14,230,000"
Uruguay,209,https://www.countryflags.io/uy/flat/64.png,"2,022,000","2,022,000","2,152,000","2,316,000","2,163,000","2,073,000","1,968,000","1,892,000","1,258,000","1,420,000","1,756,000","1,808,000","1,749,000","1,753,000","1,938,000","2,055,000","2,353,000","2,857,000","2,695,000","2,683,000","2,682,000","2,773,000","3,037,000","3,674,000"
United States,210,https://www.countryflags.io/us/flat/64.png,"43,318,000","43,318,000","46,489,000","47,767,000","46,377,000","48,509,000","51,238,000","46,927,000","43,581,000","41,218,000","46,086,000","49,206,000","50,977,000","56,135,000","58,007,000","55,103,000","60,010,000","62,821,000","66,657,000","69,995,000","75,022,000","77,774,000","76,407,000","76,941,000"
Uzbekistan,211,,92,92,173,960,811,487,302,345,332,231,262,242,560,903,"1,069,000","1,215,000",975,,,"1,969,000","1,862,000","1,918,000","2,027,000","2,690,000"
St. Vincent and the Grenadines,212,,60,60,58,65,67,68,73,71,78,79,87,96,97,90,84,75,72,74,74,72,71,75,79,76
Venezuela,213,https://www.countryflags.io/uy/flat/64.png,700,700,759,814,685,587,469,584,432,337,486,706,748,756,699,562,526,595,988,986,857,789,601,427
British Virgin Islands,214,,219,219,244,244,279,284,272,296,282,278,304,337,356,358,346,309,330,338,351,366,386,393,408,335
Virgin Islands (U.S.),215,,454,454,373,393,422,484,546,527,520,538,563,594,571,587,574,563,572,567,619,590,615,642,667,
Vietnam,216,https://www.countryflags.io/vn/flat/64.png,"1,351,000","1,351,000","1,607,000","1,716,000","1,520,000","1,782,000","2,140,000","2,330,000","2,628,000","2,429,000","2,928,000","3,477,000","3,583,000","4,229,000","4,236,000","3,747,000","5,050,000","6,014,000","6,848,000","7,572,000","7,874,000","7,944,000","10,013,000","12,922,000"
Vanuatu,217,,44,44,46,50,52,51,58,53,49,50,61,62,68,81,"90,5","100,7","97,2",94,"108,2",110,109,90,"95,1",109
Samoa,218,,68,68,73,68,78,85,88,88,89,92,98,102,110,117,118,122,122,121,126,116,"120,4",128,134,146
Kosovo,219,,,,,,,,,,,,,,,,,,,,,,,,,
"Yemen, Rep.",220,,61,61,74,80,88,58,73,76,98,155,274,336,"1,061,000",948,"1,023,000","1,028,000","1,025,000",829,874,990,"1,017,500","366,7",,
South Africa,221,,"4,488,000","4,488,000","4,915,000","4,976,000","5,732,000","5,890,000","5,872,000","5,787,000","6,430,000","6,505,000","6,678,000","7,369,000","8,396,000","9,091,000","9,592,000","7,012,000","8,074,000","8,339,000","9,188,000","9,537,000","9,549,000","8,904,000","10,044,000","10,285,000"
Zambia,222,,163,163,264,341,362,404,457,492,565,413,515,669,757,897,812,710,815,920,859,915,947,932,956,"1,083,000"
Zimbabwe,223,,"1,416,000","1,416,000","1,597,000","1,336,000","2,090,000","2,250,000","1,967,000","2,217,000","2,041,000","2,256,000","1,854,000","1,559,000","2,287,000","2,506,000","1,956,000","2,017,000","2,239,000","2,423,000","1,794,000","1,833,000","1,880,000","2,057,000","2,168,000","2,423,000"
